<?xml version="1.0" encoding="UTF-8"?>
<!-- IMPORTANT: This is an internal file that has been generated
     by the Xilinx ISE software.  Any direct editing or
     changes made to this file may result in unpredictable
     behavior or data corruption.  It is strongly advised that
     users do not edit the contents of this file. -->
<DeviceUsageSummary rev="44">
<DesignStatistics TimeStamp="Thu Mar 24 21:01:58 2011"><group name="NetStatistics">
<item name="NumNets_Active" rev="43">
<attrib name="value" value="204"/></item>
<item name="NumNets_Gnd" rev="43">
<attrib name="value" value="1"/></item>
<item name="NumNets_Vcc" rev="43">
<attrib name="value" value="1"/></item>
<item name="NumNodesOfType_Active_CLKPIN" rev="43">
<attrib name="value" value="71"/></item>
<item name="NumNodesOfType_Active_CNTRLPIN" rev="43">
<attrib name="value" value="70"/></item>
<item name="NumNodesOfType_Active_DOUBLE" rev="43">
<attrib name="value" value="202"/></item>
<item name="NumNodesOfType_Active_DUMMY" rev="43">
<attrib name="value" value="348"/></item>
<item name="NumNodesOfType_Active_DUMMYESC" rev="43">
<attrib name="value" value="4"/></item>
<item name="NumNodesOfType_Active_GLOBAL" rev="43">
<attrib name="value" value="30"/></item>
<item name="NumNodesOfType_Active_HFULLHEX" rev="43">
<attrib name="value" value="2"/></item>
<item name="NumNodesOfType_Active_HUNIHEX" rev="43">
<attrib name="value" value="8"/></item>
<item name="NumNodesOfType_Active_INPUT" rev="43">
<attrib name="value" value="409"/></item>
<item name="NumNodesOfType_Active_IOBOUTPUT" rev="43">
<attrib name="value" value="4"/></item>
<item name="NumNodesOfType_Active_OMUX" rev="43">
<attrib name="value" value="195"/></item>
<item name="NumNodesOfType_Active_OUTPUT" rev="43">
<attrib name="value" value="186"/></item>
<item name="NumNodesOfType_Active_PREBXBY" rev="43">
<attrib name="value" value="127"/></item>
<item name="NumNodesOfType_Active_VFULLHEX" rev="43">
<attrib name="value" value="11"/></item>
<item name="NumNodesOfType_Active_VLONG" rev="43">
<attrib name="value" value="1"/></item>
<item name="NumNodesOfType_Active_VUNIHEX" rev="43">
<attrib name="value" value="21"/></item>
<item name="NumNodesOfType_Gnd_DOUBLE" rev="43">
<attrib name="value" value="1"/></item>
<item name="NumNodesOfType_Gnd_INPUT" rev="43">
<attrib name="value" value="6"/></item>
<item name="NumNodesOfType_Gnd_OMUX" rev="43">
<attrib name="value" value="5"/></item>
<item name="NumNodesOfType_Gnd_OUTPUT" rev="43">
<attrib name="value" value="5"/></item>
<item name="NumNodesOfType_Gnd_PREBXBY" rev="43">
<attrib name="value" value="5"/></item>
<item name="NumNodesOfType_Vcc_CNTRLPIN" rev="43">
<attrib name="value" value="1"/></item>
<item name="NumNodesOfType_Vcc_INPUT" rev="43">
<attrib name="value" value="12"/></item>
<item name="NumNodesOfType_Vcc_PREBXBY" rev="43">
<attrib name="value" value="7"/></item>
<item name="NumNodesOfType_Vcc_VCCOUT" rev="43">
<attrib name="value" value="10"/></item>
</group>
<group name="MiscellaneousStatistics">
<item name="AGG_BONDED_IO" rev="44">
<attrib name="value" value="14"/></item>
<item name="AGG_IO" rev="44">
<attrib name="value" value="14"/></item>
<item name="AGG_SLICE" rev="44">
<attrib name="value" value="114"/></item>
<item name="NUM_4_INPUT_LUT" rev="44">
<attrib name="value" value="151"/></item>
<item name="NUM_BONDED_IBUF" rev="44">
<attrib name="value" value="4"/></item>
<item name="NUM_BONDED_IOB" rev="44">
<attrib name="value" value="10"/></item>
<item name="NUM_BUFGMUX" rev="44">
<attrib name="value" value="1"/></item>
<item name="NUM_CYMUX" rev="44">
<attrib name="value" value="29"/></item>
<item name="NUM_LUT_RT" rev="44">
<attrib name="value" value="15"/></item>
<item name="NUM_SLICEL" rev="44">
<attrib name="value" value="114"/></item>
<item name="NUM_SLICE_FF" rev="44">
<attrib name="value" value="111"/></item>
<item name="NUM_SLICE_LATCH" rev="44">
<attrib name="value" value="9"/></item>
<item name="NUM_XOR" rev="44">
<attrib name="value" value="17"/></item>
</group>
<group name="SiteStatistics">
<item name="IBUF-DIFFM" rev="43">
<attrib name="value" value="2"/></item>
<item name="IBUF-DIFFS" rev="43">
<attrib name="value" value="2"/></item>
<item name="IOB-DIFFM" rev="43">
<attrib name="value" value="5"/></item>
<item name="IOB-DIFFS" rev="43">
<attrib name="value" value="5"/></item>
<item name="SLICEL-SLICEM" rev="43">
<attrib name="value" value="49"/></item>
</group>
</DesignStatistics>
<ReportConfigData TimeStamp="Tue Mar 22 11:44:41 2011"><group name="IBUF_PAD">
<item name="IOATTRBOX" rev="43">
<attrib name="LVTTL" value="1"/><attrib name="LVCMOS33" value="3"/></item>
</group>
<group name="SLICEL">
<item name="BX" rev="43">
<attrib name="BX_INV" value="3"/><attrib name="BX" value="22"/></item>
<item name="BY" rev="43">
<attrib name="BY" value="29"/><attrib name="BY_INV" value="2"/></item>
<item name="CE" rev="43">
<attrib name="CE" value="54"/><attrib name="CE_INV" value="0"/></item>
<item name="CIN" rev="43">
<attrib name="CIN_INV" value="0"/><attrib name="CIN" value="13"/></item>
<item name="CLK" rev="43">
<attrib name="CLK" value="70"/><attrib name="CLK_INV" value="1"/></item>
<item name="SR" rev="43">
<attrib name="SR" value="13"/><attrib name="SR_INV" value="3"/></item>
</group>
<group name="IOB_OUTBUF">
<item name="IN" rev="43">
<attrib name="IN_INV" value="2"/><attrib name="IN" value="8"/></item>
</group>
<group name="SLICEL_CYMUXF">
<item name="0" rev="43">
<attrib name="0" value="16"/><attrib name="0_INV" value="0"/></item>
<item name="1" rev="43">
<attrib name="1_INV" value="0"/><attrib name="1" value="16"/></item>
</group>
<group name="SLICEL_CYMUXG">
<item name="0" rev="43">
<attrib name="0" value="13"/><attrib name="0_INV" value="0"/></item>
</group>
<group name="BUFGMUX_GCLKMUX">
<item name="DISABLE_ATTR" rev="43">
<attrib name="LOW" value="1"/></item>
<item name="S" rev="43">
<attrib name="S_INV" value="1"/><attrib name="S" value="0"/></item>
</group>
<group name="SLICEL_FFX">
<item name="CE" rev="43">
<attrib name="CE" value="43"/><attrib name="CE_INV" value="0"/></item>
<item name="CK" rev="43">
<attrib name="CK" value="52"/><attrib name="CK_INV" value="0"/></item>
<item name="D" rev="43">
<attrib name="D" value="49"/><attrib name="D_INV" value="3"/></item>
<item name="FFX_INIT_ATTR" rev="43">
<attrib name="INIT0" value="52"/></item>
<item name="FFX_SR_ATTR" rev="43">
<attrib name="SRLOW" value="52"/></item>
<item name="LATCH_OR_FF" rev="43">
<attrib name="FF" value="52"/></item>
<item name="SR" rev="43">
<attrib name="SR" value="10"/><attrib name="SR_INV" value="2"/></item>
<item name="SYNC_ATTR" rev="43">
<attrib name="ASYNC" value="40"/><attrib name="SYNC" value="12"/></item>
</group>
<group name="SLICEL_XORF">
<item name="1" rev="43">
<attrib name="1_INV" value="0"/><attrib name="1" value="9"/></item>
</group>
<group name="SLICEL_FFY">
<item name="CE" rev="43">
<attrib name="CE" value="44"/><attrib name="CE_INV" value="0"/></item>
<item name="CK" rev="43">
<attrib name="CK" value="59"/><attrib name="CK_INV" value="1"/></item>
<item name="D" rev="43">
<attrib name="D" value="58"/><attrib name="D_INV" value="2"/></item>
<item name="FFY_INIT_ATTR" rev="43">
<attrib name="INIT0" value="60"/></item>
<item name="FFY_SR_ATTR" rev="43">
<attrib name="SRLOW" value="58"/><attrib name="SRHIGH" value="2"/></item>
<item name="LATCH_OR_FF" rev="43">
<attrib name="FF" value="59"/><attrib name="LATCH" value="1"/></item>
<item name="SR" rev="43">
<attrib name="SR" value="11"/><attrib name="SR_INV" value="3"/></item>
<item name="SYNC_ATTR" rev="43">
<attrib name="ASYNC" value="46"/><attrib name="SYNC" value="14"/></item>
</group>
<group name="IOB_PAD">
<item name="DRIVEATTRBOX" rev="43">
<attrib name="4" value="2"/><attrib name="6" value="5"/><attrib name="8" value="2"/><attrib name="12" value="1"/></item>
<item name="IOATTRBOX" rev="43">
<attrib name="LVTTL" value="1"/><attrib name="LVCMOS25" value="1"/><attrib name="LVCMOS33" value="8"/></item>
<item name="SLEW" rev="43">
<attrib name="SLOW" value="10"/></item>
</group>
<group name="IOB">
<item name="O1" rev="43">
<attrib name="O1_INV" value="2"/><attrib name="O1" value="8"/></item>
</group>
<group name="BUFGMUX">
<item name="S" rev="43">
<attrib name="S_INV" value="1"/><attrib name="S" value="0"/></item>
</group>
<group name="SLICEL_F5MUX">
<item name="S0" rev="39">
<attrib name="S0" value="1"/><attrib name="S0_INV" value="0"/></item>
</group>
</ReportConfigData>
<ReportPinData TimeStamp="Tue Mar 22 11:44:41 2011"><group name="IBUF_PAD">
<item name="PAD" rev="43">
<attrib name="value" value="4"/></item>
</group>
<group name="IBUF_INBUF">
<item name="IN" rev="43">
<attrib name="value" value="4"/></item>
<item name="OUT" rev="43">
<attrib name="value" value="4"/></item>
</group>
<group name="SLICEL">
<item name="BX" rev="43">
<attrib name="value" value="25"/></item>
<item name="BY" rev="43">
<attrib name="value" value="31"/></item>
<item name="CE" rev="43">
<attrib name="value" value="54"/></item>
<item name="CIN" rev="43">
<attrib name="value" value="13"/></item>
<item name="CLK" rev="43">
<attrib name="value" value="71"/></item>
<item name="COUT" rev="43">
<attrib name="value" value="13"/></item>
<item name="F1" rev="43">
<attrib name="value" value="66"/></item>
<item name="F2" rev="43">
<attrib name="value" value="57"/></item>
<item name="F3" rev="43">
<attrib name="value" value="35"/></item>
<item name="F4" rev="43">
<attrib name="value" value="20"/></item>
<item name="G1" rev="43">
<attrib name="value" value="65"/></item>
<item name="G2" rev="43">
<attrib name="value" value="54"/></item>
<item name="G3" rev="43">
<attrib name="value" value="33"/></item>
<item name="G4" rev="43">
<attrib name="value" value="17"/></item>
<item name="SR" rev="43">
<attrib name="value" value="16"/></item>
<item name="X" rev="43">
<attrib name="value" value="28"/></item>
<item name="XB" rev="43">
<attrib name="value" value="2"/></item>
<item name="XQ" rev="43">
<attrib name="value" value="52"/></item>
<item name="Y" rev="43">
<attrib name="value" value="30"/></item>
<item name="YQ" rev="43">
<attrib name="value" value="60"/></item>
</group>
<group name="IOB_OUTBUF">
<item name="IN" rev="43">
<attrib name="value" value="10"/></item>
<item name="OUT" rev="43">
<attrib name="value" value="10"/></item>
</group>
<group name="SLICEL_CYMUXF">
<item name="0" rev="43">
<attrib name="value" value="16"/></item>
<item name="1" rev="43">
<attrib name="value" value="16"/></item>
<item name="OUT" rev="43">
<attrib name="value" value="16"/></item>
<item name="S0" rev="43">
<attrib name="value" value="16"/></item>
</group>
<group name="SLICEL_CYMUXG">
<item name="0" rev="43">
<attrib name="value" value="13"/></item>
<item name="1" rev="43">
<attrib name="value" value="13"/></item>
<item name="OUT" rev="43">
<attrib name="value" value="13"/></item>
<item name="S0" rev="43">
<attrib name="value" value="13"/></item>
</group>
<group name="BUFGMUX_GCLKMUX">
<item name="I0" rev="43">
<attrib name="value" value="1"/></item>
<item name="OUT" rev="43">
<attrib name="value" value="1"/></item>
<item name="S" rev="43">
<attrib name="value" value="1"/></item>
</group>
<group name="SLICEL_C1VDD">
<item name="1" rev="43">
<attrib name="value" value="5"/></item>
</group>
<group name="IBUF">
<item name="I" rev="43">
<attrib name="value" value="4"/></item>
<item name="PAD" rev="43">
<attrib name="value" value="4"/></item>
</group>
<group name="SLICEL_FFX">
<item name="CE" rev="43">
<attrib name="value" value="43"/></item>
<item name="CK" rev="43">
<attrib name="value" value="52"/></item>
<item name="D" rev="43">
<attrib name="value" value="52"/></item>
<item name="Q" rev="43">
<attrib name="value" value="52"/></item>
<item name="SR" rev="43">
<attrib name="value" value="12"/></item>
</group>
<group name="SLICEL_XORF">
<item name="0" rev="43">
<attrib name="value" value="9"/></item>
<item name="1" rev="43">
<attrib name="value" value="9"/></item>
<item name="O" rev="43">
<attrib name="value" value="9"/></item>
</group>
<group name="SLICEL_FFY">
<item name="CE" rev="43">
<attrib name="value" value="44"/></item>
<item name="CK" rev="43">
<attrib name="value" value="60"/></item>
<item name="D" rev="43">
<attrib name="value" value="60"/></item>
<item name="Q" rev="43">
<attrib name="value" value="60"/></item>
<item name="SR" rev="43">
<attrib name="value" value="14"/></item>
</group>
<group name="SLICEL_XORG">
<item name="0" rev="43">
<attrib name="value" value="8"/></item>
<item name="1" rev="43">
<attrib name="value" value="8"/></item>
<item name="O" rev="43">
<attrib name="value" value="8"/></item>
</group>
<group name="IOB_PAD">
<item name="PAD" rev="43">
<attrib name="value" value="10"/></item>
</group>
<group name="IOB">
<item name="O1" rev="43">
<attrib name="value" value="10"/></item>
<item name="PAD" rev="43">
<attrib name="value" value="10"/></item>
</group>
<group name="BUFGMUX">
<item name="I0" rev="43">
<attrib name="value" value="1"/></item>
<item name="O" rev="43">
<attrib name="value" value="1"/></item>
<item name="S" rev="43">
<attrib name="value" value="1"/></item>
</group>
<group name="SLICEL_C2VDD">
<item name="1" rev="43">
<attrib name="value" value="2"/></item>
</group>
<group name="BUFGMUX_GCLK_BUFFER">
<item name="IN" rev="43">
<attrib name="value" value="1"/></item>
<item name="OUT" rev="43">
<attrib name="value" value="1"/></item>
</group>
<group name="SLICEL_F">
<item name="A1" rev="43">
<attrib name="value" value="66"/></item>
<item name="A2" rev="43">
<attrib name="value" value="57"/></item>
<item name="A3" rev="43">
<attrib name="value" value="35"/></item>
<item name="A4" rev="43">
<attrib name="value" value="20"/></item>
<item name="D" rev="43">
<attrib name="value" value="66"/></item>
</group>
<group name="SLICEL_F5MUX">
<item name="F" rev="39">
<attrib name="value" value="1"/></item>
<item name="G" rev="39">
<attrib name="value" value="1"/></item>
<item name="OUT" rev="39">
<attrib name="value" value="1"/></item>
<item name="S0" rev="39">
<attrib name="value" value="1"/></item>
</group>
<group name="SLICEL_G">
<item name="A1" rev="43">
<attrib name="value" value="65"/></item>
<item name="A2" rev="43">
<attrib name="value" value="54"/></item>
<item name="A3" rev="43">
<attrib name="value" value="33"/></item>
<item name="A4" rev="43">
<attrib name="value" value="17"/></item>
<item name="D" rev="43">
<attrib name="value" value="65"/></item>
</group>
<group name="SLICEL_GNDF">
<item name="0" rev="43">
<attrib name="value" value="6"/></item>
</group>
<group name="SLICEL_GNDG">
<item name="0" rev="43">
<attrib name="value" value="7"/></item>
</group>
</ReportPinData>
<CmdHistory>
</CmdHistory>
</DeviceUsageSummary>
